<?xml version="1.0" encoding="UTF-8"?>
<ti:module xmlns:ti="http://ti.appcelerator.org" xmlns:android="http://schemas.android.com/apk/res/android">
	<!--
		Similar to tiapp.xml, but contains module/platform specific
		configuration in <iphone>, <android>, and <mobileweb> sections
	-->
	<iphone>
	</iphone>
	<android xmlns:android="http://schemas.android.com/apk/res/android">
	    <manifest>
	      <uses-permission android:name="android.permission.BLUETOOTH"/>
	      <uses-permission android:name="android.permission.BLUETOOTH_ADMIN"/>
	        <application>
	           <service android:name="com.novarum.bluetooth.BluetoothService" android:exported="true"/>	      
	        </application>
	    </manifest>
	</android>
	<mobileweb>
	</mobileweb>
</ti:module>
